{
  "parameters": {
    "k": 3,
    "feature_set": "primary",
    "features": [
      "dudx",
      "speed",
      "mu",
      "anisotropy"
    ],
    "max_silhouette_size": 50000
  },
  "data_info": {
    "grid_shape": [
      370,
      903
    ],
    "total_points": 334110,
    "valid_points": 194565
  },
  "results": {
    "inertia": 349239.9375,
    "silhouette_avg": 0.3738272786140442,
    "n_clusters": 3,
    "converged": true,
    "n_iter": 38
  },
  "cluster_analysis": {
    "sizes": [
      39200,
      69026,
      86339
    ],
    "proportions": [
      0.20147508544702283,
      0.3547708991853622,
      0.44375401536761494
    ],
    "balance_ratio": 0.4540242532343437
  },
  "timing": {
    "total_time": 12.597047805786133,
    "kmeans_time": 0.3179502487182617,
    "silhouette_time": 12.211466073989868
  }
}